12,54,29,35.729014,51.824531,0.00,215,U,29,31,14,0
00,00,00,35.768061738481,51.472052385284,0.00,0,U,35,99,0,0
00,00,00,35.776215087404,51.476870221020,1.25,207,U,29,30,1,0
00,00,00,35.785836565638,51.496075477694,2.50,208,U,29,30,2,0
00,00,00,35.771339878307,51.552776612229,3.75,208,U,29,30,3,0
00,00,00,35.743441267423,51.606914739419,5.00,207,U,29,30,4,0
00,00,00,35.768061738481,51.472052385284,0.00,0,U,35,99,0,0
00,00,00,35.776215087404,51.476870221020,1.25,208,U,29,29,1,0
13,05,03,35.785836565638,51.496075477694,2.50,208,U,29,29,2,0
13,05,33,35.771339878307,51.552776612229,3.75,208,U,29,29,3,0
13,06,03,35.743441267423,51.606914739419,5.00,207,U,29,29,4,0
13,06,33,35.731886263380,51.653300332047,6.25,208,U,29,29,5,0
13,07,02,35.757542488110,51.695968502050,7.50,208,U,29,29,6,0
13,07,32,35.748651945564,51.739051091615,8.75,208,U,29,29,7,0
13,08,02,35.744442961017,51.786259992556,10.00,208,U,29,29,8,0
13,08,32,35.733611261590,51.814824413344,11.25,208,U,29,29,9,0
13,09,02,35.728820441552,51.825306358184,12.50,208,U,29,29,10,0
13,09,32,35.768061738481,51.472052385284,0.00,208,U,29,29,11,0
13,10,02,35.776215087404,51.476870221020,1.25,208,U,29,29,12,0
13,10,31,35.729266,51.824701,0.00,208,U,29,29,13,0
13,11,01,35.729314,51.824697,0.00,208,U,29,29,14,0
13,11,31,35.729279,51.824658,0.00,208,U,29,29,15,0
13,12,01,35.729261,51.824650,0.00,208,U,29,29,16,0
13,12,31,35.729259,51.824652,0.00,208,U,29,29,17,0
13,13,01,35.729476,51.824485,0.00,208,U,29,29,18,0
13,13,30,35.729641,51.824290,0.00,208,U,29,29,19,0
13,14,00,35.729975,51.824296,0.00,208,U,29,29,20,0
13,14,30,35.730282,51.824369,0.00,208,U,29,29,21,0
13,15,00,35.730519,51.824556,0.00,207,U,29,29,22,0
13,15,30,35.730528,51.824984,0.00,207,U,29,29,23,0
13,15,59,35.730557,51.825407,0.00,207,U,29,29,24,0
13,16,29,35.730433,51.825770,0.00,208,U,29,29,25,0
13,16,59,35.730154,51.825462,0.00,208,U,29,29,26,0
13,17,29,35.729832,51.825300,0.00,208,U,29,29,27,0
13,17,58,35.729799,51.825222,0.00,208,U,29,29,28,0
13,18,28,35.729273,51.824952,0.00,208,U,29,29,29,0
13,18,58,35.729091,51.824842,0.00,208,U,29,29,30,0
13,19,28,35.729310,51.824574,0.00,207,U,29,29,31,0
13,19,58,35.729222,51.824638,0.00,208,U,29,29,32,0
13,20,27,35.729217,51.824631,0.00,208,U,29,29,33,0
13,20,57,35.729239,51.824622,0.00,208,U,29,29,34,0
13,21,27,35.729220,51.824636,0.00,208,U,29,29,35,0
13,21,57,35.729216,51.824661,0.00,208,U,29,29,36,0
13,22,27,35.729252,51.824642,0.00,208,U,29,29,37,0
13,22,57,35.729287,51.824607,0.00,208,U,29,29,38,0
13,23,27,35.729250,51.824606,0.00,207,U,29,29,39,0
13,23,57,35.729204,51.824647,0.00,208,U,29,29,40,0
13,24,26,35.729216,51.824640,0.00,208,U,29,29,41,0
13,24,56,35.729201,51.824651,0.00,208,U,29,29,42,0
13,25,26,35.729230,51.824630,0.00,208,U,29,29,43,0
13,25,56,35.729247,51.824677,0.00,208,U,29,29,44,0
13,26,26,35.729082,51.824782,0.00,208,U,29,29,45,0
13,26,56,35.728842,51.825727,0.00,207,U,29,29,46,0
13,27,26,35.728194,51.826673,0.00,207,U,29,29,47,0
13,27,56,35.743441267423,51.606914739419,5.00,207,U,29,29,48,0
13,28,26,35.729221,51.824905,0.00,208,U,29,29,49,0
13,28,55,35.729247,51.824766,0.00,208,U,29,29,50,0
13,29,25,35.729123,51.824855,0.00,208,U,29,29,51,0
13,29,55,35.729053,51.824757,0.00,208,U,29,29,52,0
13,30,25,35.729177,51.824773,0.00,208,U,29,29,53,0
13,30,55,35.729023,51.824772,0.00,208,U,29,29,54,0
13,31,25,35.728949,51.824808,0.00,208,U,29,29,55,0
13,31,55,35.728882,51.824806,0.00,208,U,29,29,56,0
13,32,25,35.728783,51.824862,0.00,208,U,29,29,57,0
13,32,54,35.728949,51.824860,0.00,208,U,29,29,58,0
13,05,20,35.7575416565,51.6959686279,20.5,7,U,32,31,6,0
13,05,20,35.7486534119,51.7390518188,20.5,7,U,32,31,7,0
13,05,20,35.7444419861,51.7862586975,20.5,7,U,32,31,8,0
13,05,20,35.7336120605,51.8148231506,20.5,7,U,32,31,9,0
13,05,20,35.7288208008,51.8253059387,20.5,7,U,32,31,10,0
13,05,20,35.7762145996,51.4768714905,20.5,7,U,32,31,12,0
13,05,20,35.7713394165,51.5527763367,20.5,7,U,32,31,14,0
13,05,20,35.7434425354,51.6069145203,20.5,7,U,32,31,15,0
13,05,20,35.7318878174,51.6533012390,20.5,7,U,32,31,16,0
13,05,20,35.7575416565,51.6959686279,20.5,7,U,32,31,17,0
13,05,20,35.7486534119,51.7390518188,20.5,7,U,32,31,18,0
13,05,20,35.7444419861,51.7862586975,20.5,7,U,32,31,19,0
13,05,20,35.7336120605,51.8148231506,20.5,7,U,32,31,20,0
13,05,20,35.7288208008,51.8253059387,20.5,7,U,32,31,21,0
13,05,20,35.7680625916,51.4720535278,20.5,7,U,32,31,22,0
13,05,20,35.7762145996,51.4768714905,20.5,7,U,32,31,23,0
13,05,20,35.7858352661,51.4960746765,20.5,7,U,32,31,24,0
13,05,20,35.7713394165,51.5527763367,20.5,7,U,32,31,25,0
13,05,20,35.7434425354,51.6069145203,20.5,7,U,32,31,26,0
13,05,20,35.7575416565,51.6959686279,20.5,7,U,32,31,182,0
13,05,20,35.7486534119,51.7390518188,20.5,7,U,32,31,183,0
13,05,20,35.7444419861,51.7862586975,20.5,7,U,32,31,184,0
13,05,20,35.7336120605,51.8148231506,20.5,7,U,32,31,185,0
13,05,20,35.7288208008,51.8253059387,20.5,7,U,32,31,186,0
13,05,20,35.7680625916,51.4720535278,20.5,7,U,32,31,187,0
13,05,20,35.7762145996,51.4768714905,20.5,7,U,32,31,188,0
13,05,20,35.7858352661,51.4960746765,20.5,7,U,32,31,189,0
13,05,20,35.7713394165,51.5527763367,20.5,7,U,32,31,190,0
13,05,20,35.7434425354,51.6069145203,20.5,7,U,32,31,191,0
13,05,20,35.7318878174,51.6533012390,20.5,7,U,32,31,192,0
13,05,20,35.7575416565,51.6959686279,20.5,7,U,32,31,193,0
13,05,20,35.7486534119,51.7390518188,20.5,7,U,32,31,194,0
13,05,20,35.7444419861,51.7862586975,20.5,7,U,32,31,195,0
13,05,20,35.7336120605,51.8148231506,20.5,7,U,32,31,196,0
13,05,20,35.7288208008,51.8253059387,20.5,7,U,32,31,197,0
13,05,20,35.7680625916,51.4720535278,20.5,7,U,32,31,198,0
13,05,20,35.7762145996,51.4768714905,20.5,7,U,32,31,199,0
13,05,20,35.7858352661,51.4960746765,20.5,7,U,32,31,200,0
13,05,20,35.7713394165,51.5527763367,20.5,7,U,32,31,201,0
13,05,20,35.7434425354,51.6069145203,20.5,7,U,32,31,202,0
13,05,20,35.7318878174,51.6533012390,20.5,7,U,32,31,203,0
13,05,20,35.7575416565,51.6959686279,20.5,7,U,32,31,204,0
13,05,20,35.7486534119,51.7390518188,20.5,7,U,32,31,205,0
13,05,20,35.7444419861,51.7862586975,20.5,7,U,32,31,206,0
13,05,20,35.7336120605,51.8148231506,20.5,7,U,32,31,207,0
13,05,20,35.7288208008,51.8253059387,20.5,7,U,32,31,208,0
13,05,20,35.7680625916,51.4720535278,20.5,7,U,32,31,209,0
13,05,20,35.7762145996,51.4768714905,20.5,7,U,32,31,210,0
13,05,20,35.7858352661,51.4960746765,20.5,7,U,32,31,211,0
13,05,20,35.7713394165,51.5527763367,20.5,7,U,32,31,212,0
13,05,20,35.7434425354,51.6069145203,20.5,7,U,32,31,213,0
13,05,20,35.7318878174,51.6533012390,20.5,7,U,32,31,214,0
13,05,20,35.7575416565,51.6959686279,20.5,7,U,32,31,215,0
13,05,20,35.7486534119,51.7390518188,20.5,7,U,32,31,216,0
13,05,20,35.7444419861,51.7862586975,20.5,7,U,32,31,217,0
13,05,20,35.7336120605,51.8148231506,20.5,7,U,32,31,218,0
13,05,20,35.7288208008,51.8253059387,20.5,7,U,32,31,219,0
13,05,20,35.7680625916,51.4720535278,20.5,7,U,32,31,220,0
13,05,20,35.7762145996,51.4768714905,20.5,7,U,32,31,221,0
13,05,20,35.7858352661,51.4960746765,20.5,7,U,32,31,222,0
13,05,20,35.7713394165,51.5527763367,20.5,7,U,32,31,223,0
13,05,20,35.7434425354,51.6069145203,20.5,7,U,32,31,224,0
13,05,20,35.7318878174,51.6533012390,20.5,7,U,32,31,225,0
13,05,20,35.7575416565,51.6959686279,20.5,7,U,32,31,226,0
13,05,20,35.7486534119,51.7390518188,20.5,7,U,32,31,227,0
13,05,20,35.7444419861,51.7862586975,20.5,7,U,32,31,228,0
13,05,20,35.7336120605,51.8148231506,20.5,7,U,32,31,229,0
13,05,20,35.7288208008,51.8253059387,20.5,7,U,32,31,230,0
13,05,20,35.7680625916,51.4720535278,20.5,7,U,32,31,231,0
13,05,20,35.7762145996,51.4768714905,20.5,7,U,32,31,232,0
13,05,20,35.7858352661,51.4960746765,20.5,7,U,32,31,233,0
13,05,20,35.7713394165,51.5527763367,20.5,7,U,32,31,234,0
13,05,20,35.7434425354,51.6069145203,20.5,7,U,32,31,235,0
13,05,20,35.7318878174,51.6533012390,20.5,7,U,32,31,236,0
13,05,20,35.7575416565,51.6959686279,20.5,7,U,32,31,237,0
13,05,20,35.7486534119,51.7390518188,20.5,7,U,32,31,238,0
13,05,20,35.7444419861,51.7862586975,20.5,7,U,32,31,239,0
13,05,20,35.7336120605,51.8148231506,20.5,7,U,32,31,240,0
13,05,20,35.7288208008,51.8253059387,20.5,7,U,32,31,241,0
13,05,20,35.7680625916,51.4720535278,20.5,7,U,32,31,242,0
13,05,20,35.7762145996,51.4768714905,20.5,7,U,32,31,243,0
13,05,20,35.7858352661,51.4960746765,20.5,7,U,32,31,244,0
13,05,20,35.7713394165,51.5527763367,20.5,7,U,32,31,245,0
13,05,20,35.7434425354,51.6069145203,20.5,7,U,32,31,246,0
13,05,20,35.7318878174,51.6533012390,20.5,7,U,32,31,247,0
13,05,20,35.7575416565,51.6959686279,20.5,7,U,32,31,248,0
13,05,20,35.7486534119,51.7390518188,20.5,7,U,32,31,249,0
13,05,20,35.7444419861,51.7862586975,20.5,7,U,32,31,250,0
13,05,20,35.7336120605,51.8148231506,20.5,7,U,32,31,251,0
13,05,20,35.7288208008,51.8253059387,20.5,7,U,32,31,252,0
13,05,20,35.7680625916,51.4720535278,20.5,7,U,32,31,253,0
13,05,20,35.7762145996,51.4768714905,20.5,7,U,32,31,254,0
13,05,20,35.7858352661,51.4960746765,20.5,7,U,32,31,255,0
13,05,20,35.7713394165,51.5527763367,20.5,7,U,32,31,256,0
13,05,20,35.7434425354,51.6069145203,20.5,7,U,32,31,257,0
13,05,20,35.7318878174,51.6533012390,20.5,7,U,32,31,258,0
13,05,20,35.7575416565,51.6959686279,20.5,7,U,32,31,259,0
13,05,20,35.7486534119,51.7390518188,20.5,7,U,32,31,260,0
13,05,20,35.7444419861,51.7862586975,20.5,7,U,32,31,261,0
13,05,20,35.7336120605,51.8148231506,20.5,7,U,32,31,262,0
13,05,20,35.7288208008,51.8253059387,20.5,7,U,32,31,263,0
13,05,20,35.7680625916,51.4720535278,20.5,7,U,32,31,264,0
13,05,20,35.7762145996,51.4768714905,20.5,7,U,32,31,265,0
13,05,20,35.7858352661,51.4960746765,20.5,7,U,32,31,266,0
13,05,20,35.7713394165,51.5527763367,20.5,7,U,32,31,267,0
13,05,20,35.7434425354,51.6069145203,20.5,7,U,32,31,268,0
13,05,20,35.7318878174,51.6533012390,20.5,7,U,32,31,269,0
13,05,20,35.7575416565,51.6959686279,20.5,7,U,32,31,270,0
13,05,20,35.7486534119,51.7390518188,20.5,7,U,32,31,271,0
13,05,20,35.7444419861,51.7862586975,20.5,7,U,32,31,272,0
13,05,20,35.7336120605,51.8148231506,20.5,7,U,32,31,273,0
13,05,20,35.7288208008,51.8253059387,20.5,7,U,32,31,274,0
13,05,20,35.7680625916,51.4720535278,20.5,7,U,32,31,275,0
13,05,20,35.7762145996,51.4768714905,20.5,7,U,32,31,276,0
13,05,20,35.7858352661,51.4960746765,20.5,7,U,32,31,277,0
13,05,20,35.7713394165,51.5527763367,20.5,7,U,32,31,278,0
13,05,20,35.7434425354,51.6069145203,20.5,7,U,32,31,279,0
13,05,20,35.7318878174,51.6533012390,20.5,7,U,32,31,280,0
13,05,20,35.7575416565,51.6959686279,20.5,7,U,32,31,281,0
13,05,20,35.7486534119,51.7390518188,20.5,7,U,32,31,282,0
13,05,20,35.7444419861,51.7862586975,20.5,7,U,32,31,283,0
13,05,20,35.7336120605,51.8148231506,20.5,7,U,32,31,284,0
13,05,20,35.7288208008,51.8253059387,20.5,7,U,32,31,285,0
13,05,20,35.7680625916,51.4720535278,20.5,7,U,32,31,286,0
13,05,20,35.7762145996,51.4768714905,20.5,7,U,32,31,287,0
13,05,20,35.7858352661,51.4960746765,20.5,7,U,32,31,288,0
13,05,20,35.7713394165,51.5527763367,20.5,7,U,32,31,289,0
13,05,20,35.7434425354,51.6069145203,20.5,7,U,32,31,290,0
13,05,20,35.7318878174,51.6533012390,20.5,7,U,32,31,291,0
13,05,20,35.7575416565,51.6959686279,20.5,7,U,32,31,292,0
13,05,20,35.7486534119,51.7390518188,20.5,7,U,32,31,293,0
13,05,20,35.7444419861,51.7862586975,20.5,7,U,32,31,294,0
13,05,20,35.7336120605,51.8148231506,20.5,7,U,32,31,295,0
13,05,20,35.7288208008,51.8253059387,20.5,7,U,32,31,296,0
13,05,20,35.7680625916,51.4720535278,20.5,7,U,32,31,297,0
13,05,20,35.7762145996,51.4768714905,20.5,7,U,32,31,298,0
13,05,20,35.7858352661,51.4960746765,20.5,7,U,32,31,299,0
13,05,20,35.7713394165,51.5527763367,20.5,7,U,32,31,300,0
13,05,20,35.7434425354,51.6069145203,20.5,7,U,32,31,301,0
13,05,20,35.7318878174,51.6533012390,20.5,7,U,32,31,302,0
13,05,20,35.7575416565,51.6959686279,20.5,7,U,32,31,303,0
13,05,20,35.7486534119,51.7390518188,20.5,7,U,32,31,304,0
13,05,20,35.7444419861,51.7862586975,20.5,7,U,32,31,305,0
13,05,20,35.7336120605,51.8148231506,20.5,7,U,32,31,306,0
13,05,20,35.7288208008,51.8253059387,20.5,7,U,32,31,307,0
13,05,20,35.7680625916,51.4720535278,20.5,7,U,32,31,308,0
13,05,20,35.7762145996,51.4768714905,20.5,7,U,32,31,309,0
13,05,20,35.7858352661,51.4960746765,20.5,7,U,32,31,310,0
13,05,20,35.7713394165,51.5527763367,20.5,7,U,32,31,311,0
13,05,20,35.7434425354,51.6069145203,20.5,7,U,32,31,312,0
13,05,20,35.7318878174,51.6533012390,20.5,7,U,32,31,313,0
13,05,20,35.7575416565,51.6959686279,20.5,7,U,32,31,314,0
13,05,20,35.7486534119,51.7390518188,20.5,7,U,32,31,315,0
13,05,20,35.7444419861,51.7862586975,20.5,7,U,32,31,316,0
13,05,20,35.7336120605,51.8148231506,20.5,7,U,32,31,317,0
13,05,20,35.7288208008,51.8253059387,20.5,7,U,32,31,318,0
13,05,20,35.7680625916,51.4720535278,20.5,7,U,32,31,319,0
13,05,20,35.7762145996,51.4768714905,20.5,7,U,32,31,320,0
13,05,20,35.7858352661,51.4960746765,20.5,7,U,32,31,321,0
13,05,20,35.7713394165,51.5527763367,20.5,7,U,32,31,322,0
13,05,20,35.7434425354,51.6069145203,20.5,7,U,32,31,323,0
13,05,20,35.7318878174,51.6533012390,20.5,7,U,32,31,324,0
13,05,20,35.7575416565,51.6959686279,20.5,7,U,32,31,325,0
13,05,20,35.7486534119,51.7390518188,20.5,7,U,32,31,326,0
13,05,20,35.7444419861,51.7862586975,20.5,7,U,32,31,327,0
13,05,20,35.7336120605,51.8148231506,20.5,7,U,32,31,328,0
13,05,20,35.7288208008,51.8253059387,20.5,7,U,32,31,329,0
13,05,20,35.7680625916,51.4720535278,20.5,7,U,32,31,330,0
13,05,20,35.7762145996,51.4768714905,20.5,7,U,32,31,331,0
13,05,20,35.7858352661,51.4960746765,20.5,7,U,32,31,332,0
13,05,20,35.7713394165,51.5527763367,20.5,7,U,32,31,333,0
13,05,20,35.7434425354,51.6069145203,20.5,7,U,32,31,334,0
13,05,20,35.7318878174,51.6533012390,20.5,7,U,32,31,335,0
13,05,20,35.7575416565,51.6959686279,20.5,7,U,32,31,336,0
13,05,20,35.7486534119,51.7390518188,20.5,7,U,32,31,337,0
13,05,20,35.7444419861,51.7862586975,20.5,7,U,32,31,338,0
13,05,20,35.7336120605,51.8148231506,20.5,7,U,32,31,339,0
13,05,20,35.7288208008,51.8253059387,20.5,7,U,32,31,340,0
13,05,20,35.7680625916,51.4720535278,20.5,7,U,32,31,341,0
13,05,20,35.7762145996,51.4768714905,20.5,7,U,32,31,342,0
13,05,20,35.7858352661,51.4960746765,20.5,7,U,32,31,343,0
13,05,20,35.7713394165,51.5527763367,20.5,7,U,32,31,344,0
13,05,20,35.7434425354,51.6069145203,20.5,7,U,32,31,345,0
13,05,20,35.7318878174,51.6533012390,20.5,7,U,32,31,346,0
13,05,20,35.7575416565,51.6959686279,20.5,7,U,32,31,347,0
13,05,20,35.7486534119,51.7390518188,20.5,7,U,32,31,348,0
13,05,20,35.7444419861,51.7862586975,20.5,7,U,32,31,349,0
13,05,20,35.7336120605,51.8148231506,20.5,7,U,32,31,350,0
13,05,20,35.7288208008,51.8253059387,20.5,7,U,32,31,351,0
13,05,20,35.7680625916,51.4720535278,20.5,7,U,32,31,352,0
13,05,20,35.7762145996,51.4768714905,20.5,7,U,32,31,353,0
13,05,20,35.7858352661,51.4960746765,20.5,7,U,32,31,354,0
13,05,20,35.7713394165,51.5527763367,20.5,7,U,32,31,355,0
13,05,20,35.7434425354,51.6069145203,20.5,7,U,32,31,356,0
13,05,20,35.7318878174,51.6533012390,20.5,7,U,32,31,357,0
13,05,20,35.7575416565,51.6959686279,20.5,7,U,32,31,358,0
13,05,20,35.7486534119,51.7390518188,20.5,7,U,32,31,359,0
13,05,20,35.7444419861,51.7862586975,20.5,7,U,32,31,360,0
13,05,20,35.7336120605,51.8148231506,20.5,7,U,32,31,361,0
13,05,20,35.7288208008,51.8253059387,20.5,7,U,32,31,362,0
13,05,20,35.7680625916,51.4720535278,20.5,7,U,32,31,363,0
13,05,20,35.7762145996,51.4768714905,20.5,7,U,32,31,364,0
13,05,20,35.7858352661,51.4960746765,20.5,7,U,32,31,365,0
13,05,20,35.7713394165,51.5527763367,20.5,7,U,32,31,366,0
13,05,20,35.7434425354,51.6069145203,20.5,7,U,32,31,367,0
13,05,20,35.7318878174,51.6533012390,20.5,7,U,32,31,368,0
13,05,20,35.7575416565,51.6959686279,20.5,7,U,32,31,369,0
13,05,20,35.7486534119,51.7390518188,20.5,7,U,32,31,370,0
13,05,20,35.7444419861,51.7862586975,20.5,7,U,32,31,371,0
13,05,20,35.7336120605,51.8148231506,20.5,7,U,32,31,372,0
13,05,20,35.7288208008,51.8253059387,20.5,7,U,32,31,373,0
13,05,20,35.7680625916,51.4720535278,20.5,7,U,32,31,374,0
13,05,20,35.7762145996,51.4768714905,20.5,7,U,32,31,375,0
13,05,20,35.7858352661,51.4960746765,20.5,7,U,32,31,376,0
13,05,20,35.7713394165,51.5527763367,20.5,7,U,32,31,377,0
13,05,20,35.7434425354,51.6069145203,20.5,7,U,32,31,378,0
13,05,20,35.7318878174,51.6533012390,20.5,7,U,32,31,379,0
13,05,20,35.7575416565,51.6959686279,20.5,7,U,32,31,380,0
13,05,20,35.7486534119,51.7390518188,20.5,7,U,32,31,381,0
13,05,20,35.7444419861,51.7862586975,20.5,7,U,32,31,382,0
13,05,20,35.7336120605,51.8148231506,20.5,7,U,32,31,383,0
13,05,20,35.7288208008,51.8253059387,20.5,7,U,32,31,384,0
13,05,20,35.7680625916,51.4720535278,20.5,7,U,32,31,385,0
13,05,20,35.7762145996,51.4768714905,20.5,7,U,32,31,386,0
13,05,20,35.7858352661,51.4960746765,20.5,7,U,32,31,387,0
13,05,20,35.7713394165,51.5527763367,20.5,7,U,32,31,388,0
13,05,20,35.7434425354,51.6069145203,20.5,7,U,32,31,389,0
13,05,20,35.7318878174,51.6533012390,20.5,7,U,32,31,390,0
13,05,20,35.7575416565,51.6959686279,20.5,7,U,32,31,391,0
13,05,20,35.7486534119,51.7390518188,20.5,7,U,32,31,392,0
13,05,20,35.7444419861,51.7862586975,20.5,7,U,32,31,393,0
13,05,20,35.7336120605,51.8148231506,20.5,7,U,32,31,394,0
13,05,20,35.7288208008,51.8253059387,20.5,7,U,32,31,395,0
13,05,20,35.7680625916,51.4720535278,20.5,7,U,32,31,396,0
13,05,20,35.7762145996,51.4768714905,20.5,7,U,32,31,397,0
13,05,20,35.7858352661,51.4960746765,20.5,7,U,32,31,398,0
13,05,20,35.7713394165,51.5527763367,20.5,7,U,32,31,399,0
13,05,20,35.7434425354,51.6069145203,20.5,7,U,32,31,400,0
13,05,20,35.7318878174,51.6533012390,20.5,7,U,32,31,401,0
13,05,20,35.7575416565,51.6959686279,20.5,7,U,32,31,402,0
13,05,20,35.7486534119,51.7390518188,20.5,7,U,32,31,403,0
13,05,20,35.7444419861,51.7862586975,20.5,7,U,32,31,404,0
13,05,20,35.7336120605,51.8148231506,20.5,7,U,32,31,405,0
13,05,20,35.7288208008,51.8253059387,20.5,7,U,32,31,406,0
13,05,20,35.7680625916,51.4720535278,20.5,7,U,32,31,407,0
13,05,20,35.7762145996,51.4768714905,20.5,7,U,32,31,408,0
13,05,20,35.7858352661,51.4960746765,20.5,7,U,32,31,409,0
13,05,20,35.7713394165,51.5527763367,20.5,7,U,32,31,410,0
13,05,20,35.7434425354,51.6069145203,20.5,7,U,32,31,411,0
13,05,20,35.7318878174,51.6533012390,20.5,7,U,32,31,412,0
13,05,20,35.7575416565,51.6959686279,20.5,7,U,32,31,413,0
13,05,20,35.7486534119,51.7390518188,20.5,7,U,32,31,414,0
13,05,20,35.7444419861,51.7862586975,20.5,7,U,32,31,415,0
13,05,20,35.7336120605,51.8148231506,20.5,7,U,32,31,416,0
13,05,20,35.7288208008,51.8253059387,20.5,7,U,32,31,417,0
13,05,20,35.7680625916,51.4720535278,20.5,7,U,32,31,418,0
13,05,20,35.7762145996,51.4768714905,20.5,7,U,32,31,419,0
13,05,20,35.7858352661,51.4960746765,20.5,7,U,32,31,420,0
13,05,20,35.7713394165,51.5527763367,20.5,7,U,32,31,421,0
13,05,20,35.7434425354,51.6069145203,20.5,7,U,32,31,422,0
13,05,20,35.7318878174,51.6533012390,20.5,7,U,32,31,423,0
13,05,20,35.7575416565,51.6959686279,20.5,7,U,32,31,424,0
13,05,20,35.7486534119,51.7390518188,20.5,7,U,32,31,425,0
13,05,20,35.7444419861,51.7862586975,20.5,7,U,32,31,426,0
13,05,20,35.7336120605,51.8148231506,20.5,7,U,32,31,427,0
13,05,20,35.7288208008,51.8253059387,20.5,7,U,32,31,428,0
13,05,20,35.7680625916,51.4720535278,20.5,7,U,32,31,429,0
13,05,20,35.7762145996,51.4768714905,20.5,7,U,32,31,430,0
13,05,20,35.7858352661,51.4960746765,20.5,7,U,32,31,431,0
13,05,20,35.7713394165,51.5527763367,20.5,7,U,32,31,432,0
13,05,20,35.7434425354,51.6069145203,20.5,7,U,32,31,433,0
13,05,20,35.7318878174,51.6533012390,20.5,7,U,32,31,434,0
13,05,20,35.7575416565,51.6959686279,20.5,7,U,32,31,435,0
13,05,20,35.7486534119,51.7390518188,20.5,7,U,32,31,436,0
13,05,20,35.7444419861,51.7862586975,20.5,7,U,32,31,437,0
13,05,20,35.7336120605,51.8148231506,20.5,7,U,32,31,438,0
13,05,20,35.7288208008,51.8253059387,20.5,7,U,32,31,439,0
13,05,20,35.7680625916,51.4720535278,20.5,7,U,32,31,440,0
13,05,20,35.7762145996,51.4768714905,20.5,7,U,32,31,441,0
13,05,20,35.7858352661,51.4960746765,20.5,7,U,32,31,442,0
13,05,20,35.7713394165,51.5527763367,20.5,7,U,32,31,443,0
13,05,20,35.7434425354,51.6069145203,20.5,7,U,32,31,444,0
13,05,20,35.7318878174,51.6533012390,20.5,7,U,32,31,445,0
13,05,20,35.7575416565,51.6959686279,20.5,7,U,32,31,446,0
13,05,20,35.7486534119,51.7390518188,20.5,7,U,32,31,447,0
13,05,20,35.7444419861,51.7862586975,20.5,7,U,32,31,448,0
13,05,20,35.7336120605,51.8148231506,20.5,7,U,32,31,449,0
13,05,20,35.7288208008,51.8253059387,20.5,7,U,32,31,450,0
13,05,20,35.7680625916,51.4720535278,20.5,7,U,32,31,451,0
13,05,20,35.7762145996,51.4768714905,20.5,7,U,32,31,452,0
13,05,20,35.7858352661,51.4960746765,20.5,7,U,32,31,453,0
13,05,20,35.7713394165,51.5527763367,20.5,7,U,32,31,454,0
13,05,20,35.7434425354,51.6069145203,20.5,7,U,32,31,455,0
13,05,20,35.7318878174,51.6533012390,20.5,7,U,32,31,456,0
13,05,20,35.7575416565,51.6959686279,20.5,7,U,32,31,457,0
13,05,20,35.7486534119,51.7390518188,20.5,7,U,32,31,458,0
13,05,20,35.7444419861,51.7862586975,20.5,7,U,32,31,459,0
13,05,20,35.7336120605,51.8148231506,20.5,7,U,32,31,460,0
13,05,20,35.7288208008,51.8253059387,20.5,7,U,32,31,461,0
13,05,20,35.7680625916,51.4720535278,20.5,7,U,32,31,462,0
13,05,20,35.7762145996,51.4768714905,20.5,7,U,32,31,463,0
13,05,20,35.7858352661,51.4960746765,20.5,7,U,32,31,464,0
13,05,20,35.7713394165,51.5527763367,20.5,7,U,32,31,465,0
13,05,20,35.7434425354,51.6069145203,20.5,7,U,32,31,466,0
13,05,20,35.7318878174,51.6533012390,20.5,7,U,32,31,467,0
13,05,20,35.7575416565,51.6959686279,20.5,7,U,32,31,468,0
13,05,20,35.7486534119,51.7390518188,20.5,7,U,32,31,469,0
13,05,20,35.7444419861,51.7862586975,20.5,7,U,32,31,470,0
13,05,20,35.7336120605,51.8148231506,20.5,7,U,32,31,471,0
13,05,20,35.7288208008,51.8253059387,20.5,7,U,32,31,472,0
13,05,20,35.7680625916,51.4720535278,20.5,7,U,32,31,473,0
13,05,20,35.7762145996,51.4768714905,20.5,7,U,32,31,474,0
13,05,20,35.7858352661,51.4960746765,20.5,7,U,32,31,475,0
13,05,20,35.7713394165,51.5527763367,20.5,7,U,32,31,476,0
13,05,20,35.7434425354,51.6069145203,20.5,7,U,32,31,477,0
13,05,20,35.7318878174,51.6533012390,20.5,7,U,32,31,478,0
13,05,20,35.7575416565,51.6959686279,20.5,7,U,32,31,479,0
13,05,20,35.7486534119,51.7390518188,20.5,7,U,32,31,480,0
13,05,20,35.7444419861,51.7862586975,20.5,7,U,32,31,481,0
13,05,20,35.7336120605,51.8148231506,20.5,7,U,32,31,482,0
13,05,20,35.7288208008,51.8253059387,20.5,7,U,32,31,483,0
13,05,20,35.7680625916,51.4720535278,20.5,7,U,32,31,484,0
13,05,20,35.7762145996,51.4768714905,20.5,7,U,32,31,485,0
13,05,20,35.7858352661,51.4960746765,20.5,7,U,32,31,486,0
13,05,20,35.7713394165,51.5527763367,20.5,7,U,32,31,487,0
13,05,20,35.7434425354,51.6069145203,20.5,7,U,32,31,488,0
13,05,20,35.7318878174,51.6533012390,20.5,7,U,32,31,489,0
13,05,20,35.7575416565,51.6959686279,20.5,7,U,32,31,490,0
13,05,20,35.7486534119,51.7390518188,20.5,7,U,32,31,491,0
13,05,20,35.7444419861,51.7862586975,20.5,7,U,32,31,492,0
13,05,20,35.7336120605,51.8148231506,20.5,7,U,32,31,493,0
13,05,20,35.7288208008,51.8253059387,20.5,7,U,32,31,494,0
13,05,20,35.7680625916,51.4720535278,20.5,7,U,32,31,495,0
13,05,20,35.7762145996,51.4768714905,20.5,7,U,32,31,496,0
13,05,20,35.7858352661,51.4960746765,20.5,7,U,32,31,497,0
13,05,20,35.7713394165,51.5527763367,20.5,7,U,32,31,498,0
13,05,20,35.7434425354,51.6069145203,20.5,7,U,32,31,499,0
13,05,20,35.7318878174,51.6533012390,20.5,7,U,32,31,500,0
13,05,20,35.7575416565,51.6959686279,20.5,7,U,32,31,501,0
13,05,20,35.7486534119,51.7390518188,20.5,7,U,32,31,502,0
13,05,20,35.7444419861,51.7862586975,20.5,7,U,32,31,503,0
13,05,20,35.7336120605,51.8148231506,20.5,7,U,32,31,504,0
13,05,20,35.7288208008,51.8253059387,20.5,7,U,32,31,505,0
13,05,20,35.7680625916,51.4720535278,20.5,7,U,32,31,506,0
13,05,20,35.7762145996,51.4768714905,20.5,7,U,32,31,507,0
13,05,20,35.7858352661,51.4960746765,20.5,7,U,32,31,508,0
13,05,20,35.7713394165,51.5527763367,20.5,7,U,32,31,509,0
13,05,20,35.7434425354,51.6069145203,20.5,7,U,32,31,510,0
13,05,20,35.7318878174,51.6533012390,20.5,7,U,32,31,511,0
13,05,20,35.7575416565,51.6959686279,20.5,7,U,32,31,512,0
13,05,20,35.7486534119,51.7390518188,20.5,7,U,32,31,513,0
13,05,20,35.7444419861,51.7862586975,20.5,7,U,32,31,514,0
13,05,20,35.7336120605,51.8148231506,20.5,7,U,32,31,515,0
13,05,20,35.7288208008,51.8253059387,20.5,7,U,32,31,516,0
13,05,20,35.7680625916,51.4720535278,20.5,7,U,32,31,517,0
13,05,20,35.7762145996,51.4768714905,20.5,7,U,32,31,518,0
13,05,20,35.7858352661,51.4960746765,20.5,7,U,32,31,519,0
13,05,20,35.7713394165,51.5527763367,20.5,7,U,32,31,520,0
13,05,20,35.7434425354,51.6069145203,20.5,7,U,32,31,521,0
13,05,20,35.7318878174,51.6533012390,20.5,7,U,32,31,522,0
13,05,20,35.7575416565,51.6959686279,20.5,7,U,32,31,523,0
13,05,20,35.7486534119,51.7390518188,20.5,7,U,32,31,524,0
13,05,20,35.7444419861,51.7862586975,20.5,7,U,32,31,525,0
13,05,20,35.7336120605,51.8148231506,20.5,7,U,32,31,526,0
13,05,20,35.7288208008,51.8253059387,20.5,7,U,32,31,527,0
13,05,20,35.7680625916,51.4720535278,20.5,7,U,32,31,528,0
13,05,20,35.7762145996,51.4768714905,20.5,7,U,32,31,529,0
13,05,20,35.7858352661,51.4960746765,20.5,7,U,32,31,530,0
13,05,20,35.7713394165,51.5527763367,20.5,7,U,32,31,531,0
13,05,20,35.7434425354,51.6069145203,20.5,7,U,32,31,532,0
13,05,20,35.7318878174,51.6533012390,20.5,7,U,32,31,533,0
13,05,20,35.7575416565,51.6959686279,20.5,7,U,32,31,534,0
13,05,20,35.7486534119,51.7390518188,20.5,7,U,32,31,535,0
13,05,20,35.7444419861,51.7862586975,20.5,7,U,32,31,536,0
13,05,20,35.7336120605,51.8148231506,20.5,7,U,32,31,537,0
13,05,20,35.7288208008,51.8253059387,20.5,7,U,32,31,538,0
13,05,20,35.7680625916,51.4720535278,20.5,7,U,32,31,539,0
13,05,20,35.7762145996,51.4768714905,20.5,7,U,32,31,540,0
13,05,20,35.7858352661,51.4960746765,20.5,7,U,32,31,541,0
13,05,20,35.7713394165,51.5527763367,20.5,7,U,32,31,542,0
13,05,20,35.7434425354,51.6069145203,20.5,7,U,32,31,543,0
13,05,20,35.7318878174,51.6533012390,20.5,7,U,32,31,544,0
13,05,20,35.7575416565,51.6959686279,20.5,7,U,32,31,545,0
13,05,20,35.7486534119,51.7390518188,20.5,7,U,32,31,546,0
13,05,20,35.7444419861,51.7862586975,20.5,7,U,32,31,547,0
13,05,20,35.7336120605,51.8148231506,20.5,7,U,32,31,548,0
13,05,20,35.7288208008,51.8253059387,20.5,7,U,32,31,549,0
13,05,20,35.7680625916,51.4720535278,20.5,7,U,32,31,550,0
13,05,20,35.7762145996,51.4768714905,20.5,7,U,32,31,551,0
13,05,20,35.7858352661,51.4960746765,20.5,7,U,32,31,552,0
13,05,20,35.7713394165,51.5527763367,20.5,7,U,32,31,553,0
13,05,20,35.7434425354,51.6069145203,20.5,7,U,32,31,554,0
13,05,20,35.7318878174,51.6533012390,20.5,7,U,32,31,555,0
13,05,20,35.7575416565,51.6959686279,20.5,7,U,32,31,556,0
13,05,20,35.7486534119,51.7390518188,20.5,7,U,32,31,557,0
13,05,20,35.7444419861,51.7862586975,20.5,7,U,32,31,558,0
13,05,20,35.7336120605,51.8148231506,20.5,7,U,32,31,559,0
13,05,20,35.7288208008,51.8253059387,20.5,7,U,32,31,560,0
13,05,20,35.7680625916,51.4720535278,20.5,7,U,32,31,561,0
13,05,20,35.7762145996,51.4768714905,20.5,7,U,32,31,562,0
13,05,20,35.7858352661,51.4960746765,20.5,7,U,32,31,563,0
13,05,20,35.7713394165,51.5527763367,20.5,7,U,32,31,564,0
13,05,20,35.7434425354,51.6069145203,20.5,7,U,32,31,565,0
13,05,20,35.7318878174,51.6533012390,20.5,7,U,32,31,566,0
13,05,20,35.7575416565,51.6959686279,20.5,7,U,32,31,567,0
13,05,20,35.7486534119,51.7390518188,20.5,7,U,32,31,568,0
13,05,20,35.7444419861,51.7862586975,20.5,7,U,32,31,569,0
13,05,20,35.7336120605,51.8148231506,20.5,7,U,32,31,570,0
13,05,20,35.7288208008,51.8253059387,20.5,7,U,32,31,571,0
13,05,20,35.7680625916,51.4720535278,20.5,7,U,32,31,572,0
13,05,20,35.7762145996,51.4768714905,20.5,7,U,32,31,573,0
13,05,20,35.7858352661,51.4960746765,20.5,7,U,32,31,574,0
13,05,20,35.7713394165,51.5527763367,20.5,7,U,32,31,575,0
13,05,20,35.7434425354,51.6069145203,20.5,7,U,32,31,576,0
13,05,20,35.7318878174,51.6533012390,20.5,7,U,32,31,577,0
13,05,20,35.7575416565,51.6959686279,20.5,7,U,32,31,578,0
13,05,20,35.7486534119,51.7390518188,20.5,7,U,32,31,579,0
13,05,20,35.7444419861,51.7862586975,20.5,7,U,32,31,580,0
13,05,20,35.7336120605,51.8148231506,20.5,7,U,32,31,581,0
13,05,20,35.7288208008,51.8253059387,20.5,7,U,32,31,582,0
13,05,20,35.7680625916,51.4720535278,20.5,7,U,32,31,583,0
13,05,20,35.7762145996,51.4768714905,20.5,7,U,32,31,584,0
13,05,20,35.7858352661,51.4960746765,20.5,7,U,32,31,585,0
13,05,20,35.7713394165,51.5527763367,20.5,7,U,32,31,586,0
13,05,20,35.7434425354,51.6069145203,20.5,7,U,32,31,587,0
13,05,20,35.7318878174,51.6533012390,20.5,7,U,32,31,588,0
13,05,20,35.7575416565,51.6959686279,20.5,7,U,32,31,589,0
13,05,20,35.7486534119,51.7390518188,20.5,7,U,32,31,590,0
13,05,20,35.7444419861,51.7862586975,20.5,7,U,32,31,591,0
13,05,20,35.7336120605,51.8148231506,20.5,7,U,32,31,592,0
13,05,20,35.7288208008,51.8253059387,20.5,7,U,32,31,593,0
13,05,20,35.7680625916,51.4720535278,20.5,7,U,32,31,594,0
13,05,20,35.7762145996,51.4768714905,20.5,7,U,32,31,595,0
13,05,20,35.7858352661,51.4960746765,20.5,7,U,32,31,596,0
13,05,20,35.7713394165,51.5527763367,20.5,7,U,32,31,597,0
13,05,20,35.7434425354,51.6069145203,20.5,7,U,32,31,598,0
13,05,20,35.7318878174,51.6533012390,20.5,7,U,32,31,599,0
13,05,20,35.7575416565,51.6959686279,20.5,7,U,32,31,600,0
13,05,20,35.7486534119,51.7390518188,20.5,7,U,32,31,601,0
13,05,20,35.7444419861,51.7862586975,20.5,7,U,32,31,602,0
13,05,20,35.7336120605,51.8148231506,20.5,7,U,32,31,603,0
13,05,20,35.7288208008,51.8253059387,20.5,7,U,32,31,604,0
13,05,20,35.7680625916,51.4720535278,20.5,7,U,32,31,605,0
13,05,20,35.7762145996,51.4768714905,20.5,7,U,32,31,606,0
13,05,20,35.7858352661,51.4960746765,20.5,7,U,32,31,607,0
13,05,20,35.7713394165,51.5527763367,20.5,7,U,32,31,608,0
13,05,20,35.7434425354,51.6069145203,20.5,7,U,32,31,609,0
13,05,20,35.7318878174,51.6533012390,20.5,7,U,32,31,610,0
13,05,20,35.7575416565,51.6959686279,20.5,7,U,32,31,611,0
13,05,20,35.7486534119,51.7390518188,20.5,7,U,32,31,612,0
13,05,20,35.7444419861,51.7862586975,20.5,7,U,32,31,613,0
13,05,20,35.7336120605,51.8148231506,20.5,7,U,32,31,614,0
13,05,20,35.7288208008,51.8253059387,20.5,7,U,32,31,615,0
13,05,20,35.7680625916,51.4720535278,20.5,7,U,32,31,616,0
13,05,20,35.7762145996,51.4768714905,20.5,7,U,32,31,617,0
13,05,20,35.7858352661,51.4960746765,20.5,7,L,32,31,618,0
13,05,20,35.7713394165,51.5527763367,20.5,7,L,32,31,619,0
13,05,20,35.7434425354,51.6069145203,20.5,7,L,32,31,620,0
13,05,20,35.7318878174,51.6533012390,20.5,7,L,32,31,621,0
13,05,20,35.7575416565,51.6959686279,20.5,7,L,32,31,622,0
13,05,20,35.7486534119,51.7390518188,20.5,7,L,32,31,623,0
13,05,20,35.7444419861,51.7862586975,20.5,7,L,32,31,624,0
13,05,20,35.7336120605,51.8148231506,20.5,7,L,32,31,625,0
13,05,20,35.7288208008,51.8253059387,20.5,7,L,32,31,626,0
13,05,20,35.7680625916,51.4720535278,20.5,7,L,32,31,627,0
13,05,20,35.7762145996,51.4768714905,20.5,7,L,32,31,628,0
13,05,20,35.7858352661,51.4960746765,20.5,7,L,32,31,629,0
13,05,20,35.7713394165,51.5527763367,20.5,7,L,32,31,630,0
13,05,20,35.7434425354,51.6069145203,20.5,7,L,32,31,631,0
13,05,20,35.7318878174,51.6533012390,20.5,7,L,32,31,632,0
13,05,20,35.7575416565,51.6959686279,20.5,7,L,32,31,633,0
13,05,20,35.7486534119,51.7390518188,20.5,7,L,32,31,634,0
13,05,20,35.7444419861,51.7862586975,20.5,7,L,32,31,635,0
13,05,20,35.7336120605,51.8148231506,20.5,7,L,32,31,636,0
13,05,20,35.7288208008,51.8253059387,20.5,7,L,32,31,637,0
13,05,20,35.7680625916,51.4720535278,20.5,7,L,32,31,638,0
13,05,20,35.7762145996,51.4768714905,20.5,7,L,32,31,639,0
13,05,20,35.7858352661,51.4960746765,20.5,7,L,32,31,640,0
13,05,20,35.7713394165,51.5527763367,20.5,7,L,32,31,641,0
13,05,20,35.7434425354,51.6069145203,20.5,7,L,32,31,642,0
13,05,20,35.7318878174,51.6533012390,20.5,7,L,32,31,643,0
13,05,20,35.7575416565,51.6959686279,20.5,7,L,32,31,644,0
13,05,20,35.7486534119,51.7390518188,20.5,7,L,32,31,645,0
13,05,20,35.7444419861,51.7862586975,20.5,7,L,32,31,646,0
13,05,20,35.7336120605,51.8148231506,20.5,7,L,32,31,647,0
13,05,20,35.7288208008,51.8253059387,20.5,7,L,32,31,648,0
13,05,20,35.7680625916,51.4720535278,20.5,7,L,32,31,649,0
13,05,20,35.7762145996,51.4768714905,20.5,7,L,32,31,650,0
13,05,20,35.7858352661,51.4960746765,20.5,7,L,32,31,651,0
13,05,20,35.7713394165,51.5527763367,20.5,7,L,32,31,652,0
13,05,20,35.7434425354,51.6069145203,20.5,7,L,32,31,653,0
13,05,20,35.7318878174,51.6533012390,20.5,7,L,32,31,654,0
13,05,20,35.7575416565,51.6959686279,20.5,7,L,32,31,655,0
13,05,20,35.7486534119,51.7390518188,20.5,7,L,32,31,656,0
13,05,20,35.7444419861,51.7862586975,20.5,7,L,32,31,657,0
13,05,20,35.7336120605,51.8148231506,20.5,7,L,32,31,658,0
13,05,20,35.7288208008,51.8253059387,20.5,7,L,32,31,659,0
13,05,20,35.7680625916,51.4720535278,20.5,7,L,32,31,660,0
13,05,20,35.7762145996,51.4768714905,20.5,7,L,32,31,661,0
13,05,20,35.7858352661,51.4960746765,20.5,7,L,32,31,662,0
13,05,20,35.7713394165,51.5527763367,20.5,7,L,32,31,663,0
13,05,20,35.7434425354,51.6069145203,20.5,7,L,32,31,664,0
13,05,20,35.7318878174,51.6533012390,20.5,7,L,32,31,665,0
13,05,20,35.7575416565,51.6959686279,20.5,7,L,32,31,666,0
13,05,20,35.7486534119,51.7390518188,20.5,7,L,32,31,667,0
13,05,20,35.7444419861,51.7862586975,20.5,7,L,32,31,668,0
13,05,20,35.7336120605,51.8148231506,20.5,7,L,32,31,669,0
13,05,20,35.7288208008,51.8253059387,20.5,7,L,32,31,670,0
13,05,20,35.7680625916,51.4720535278,20.5,7,L,32,31,671,0
13,05,20,35.7762145996,51.4768714905,20.5,7,L,32,31,672,0
13,05,20,35.7858352661,51.4960746765,20.5,7,L,32,31,673,0
13,05,20,35.7713394165,51.5527763367,20.5,7,L,32,31,674,0
13,05,20,35.7434425354,51.6069145203,20.5,7,L,32,31,675,0
13,05,20,35.7318878174,51.6533012390,20.5,7,L,32,31,676,0
13,05,20,35.7575416565,51.6959686279,20.5,7,L,32,31,677,0
13,05,20,35.7486534119,51.7390518188,20.5,7,L,32,31,678,0
13,05,20,35.7444419861,51.7862586975,20.5,7,L,32,31,679,0
13,05,20,35.7336120605,51.8148231506,20.5,7,L,32,31,680,0
13,05,20,35.7288208008,51.8253059387,20.5,7,L,32,31,681,0
13,05,20,35.7680625916,51.4720535278,20.5,7,L,32,31,682,0
13,05,20,35.7762145996,51.4768714905,20.5,7,L,32,31,683,0
13,05,20,35.7858352661,51.4960746765,20.5,7,L,32,31,684,0
13,05,20,35.7713394165,51.5527763367,20.5,7,L,32,31,685,0
13,05,20,35.7434425354,51.6069145203,20.5,7,L,32,31,686,0
13,05,20,35.7318878174,51.6533012390,20.5,7,L,32,31,687,0
13,05,20,35.7575416565,51.6959686279,20.5,7,L,32,31,688,0
13,05,20,35.7486534119,51.7390518188,20.5,7,L,32,31,689,0
13,05,20,35.7444419861,51.7862586975,20.5,7,L,32,31,690,0
13,05,20,35.7336120605,51.8148231506,20.5,7,L,32,31,691,0
13,05,20,35.7288208008,51.8253059387,20.5,7,L,32,31,692,0
13,05,20,35.7680625916,51.4720535278,20.5,7,L,32,31,693,0
13,05,20,35.7762145996,51.4768714905,20.5,7,L,32,31,694,0
13,05,20,35.7858352661,51.4960746765,20.5,7,L,32,31,695,0
13,05,20,35.7713394165,51.5527763367,20.5,7,L,32,31,696,0
13,05,20,35.7434425354,51.6069145203,20.5,7,L,32,31,697,0
13,05,20,35.7318878174,51.6533012390,20.5,7,L,32,31,698,0
13,05,20,35.7575416565,51.6959686279,20.5,7,L,32,31,699,0
13,05,20,35.7486534119,51.7390518188,20.5,7,L,32,31,700,0
13,05,20,35.7444419861,51.7862586975,20.5,7,L,32,31,701,0
13,05,20,35.7336120605,51.8148231506,20.5,7,L,32,31,702,0
13,05,20,35.7288208008,51.8253059387,20.5,7,L,32,31,703,0
13,05,20,35.7680625916,51.4720535278,20.5,7,L,32,31,704,0
13,05,20,35.7762145996,51.4768714905,20.5,7,L,32,31,705,0
13,05,20,35.7858352661,51.4960746765,20.5,7,L,32,31,706,0
13,05,20,35.7713394165,51.5527763367,20.5,7,L,32,31,707,0
13,05,20,35.7434425354,51.6069145203,20.5,7,L,32,31,708,0
13,05,20,35.7318878174,51.6533012390,20.5,7,L,32,31,709,0
13,05,20,35.7575416565,51.6959686279,20.5,7,L,32,31,710,0
13,05,20,35.7486534119,51.7390518188,20.5,7,L,32,31,711,0
13,05,20,35.7444419861,51.7862586975,20.5,7,L,32,31,712,0
13,05,20,35.7336120605,51.8148231506,20.5,7,L,32,31,713,0
13,05,20,35.7288208008,51.8253059387,20.5,7,L,32,31,714,0
13,05,20,35.7680625916,51.4720535278,20.5,7,L,32,31,715,0
13,05,20,35.7762145996,51.4768714905,20.5,7,L,32,31,716,0
13,05,20,35.7858352661,51.4960746765,20.5,7,L,32,31,717,0
13,05,20,35.7713394165,51.5527763367,20.5,7,L,32,31,718,0
13,05,20,35.7434425354,51.6069145203,20.5,7,L,32,31,719,0
13,05,20,35.7318878174,51.6533012390,20.5,7,L,32,31,720,0
13,05,20,35.7575416565,51.6959686279,20.5,7,L,32,31,721,0
13,05,20,35.7486534119,51.7390518188,20.5,7,L,32,31,722,0
13,05,20,35.7444419861,51.7862586975,20.5,7,L,32,31,723,0
13,05,20,35.7336120605,51.8148231506,20.5,7,L,32,31,724,0
13,05,20,35.7288208008,51.8253059387,20.5,7,L,32,31,725,0
13,05,20,35.7680625916,51.4720535278,20.5,7,L,32,31,726,0
13,05,20,35.7762145996,51.4768714905,20.5,7,L,32,31,727,0
13,05,20,35.7858352661,51.4960746765,20.5,7,L,32,31,728,0
13,05,20,35.7713394165,51.5527763367,20.5,7,L,32,31,729,0
13,05,20,35.7434425354,51.6069145203,20.5,7,L,32,31,730,0
13,05,20,35.7318878174,51.6533012390,20.5,7,L,32,31,731,0
13,05,20,35.7575416565,51.6959686279,20.5,7,L,32,31,732,0
13,05,20,35.7486534119,51.7390518188,20.5,7,L,32,31,733,0
13,05,20,35.7444419861,51.7862586975,20.5,7,L,32,31,734,0
13,05,20,35.7336120605,51.8148231506,20.5,7,L,32,31,735,0
13,05,20,35.7288208008,51.8253059387,20.5,7,L,32,31,736,0
13,05,20,35.7680625916,51.4720535278,20.5,7,L,32,31,737,0
13,05,20,35.7762145996,51.4768714905,20.5,7,L,32,31,738,0
13,05,20,35.7858352661,51.4960746765,20.5,7,L,32,31,739,0
13,05,20,35.7713394165,51.5527763367,20.5,7,L,32,31,740,0
13,05,20,35.7680625916,51.4720535278,20.5,7,L,32,31,770,0
13,05,20,35.7762145996,51.4768714905,20.5,7,L,32,31,771,0
13,05,20,35.7858352661,51.4960746765,20.5,7,L,32,31,772,0
13,05,20,35.7713394165,51.5527763367,20.5,7,L,32,31,773,0
13,05,20,35.7434425354,51.6069145203,20.5,7,L,32,31,774,0
13,05,20,35.7318878174,51.6533012390,20.5,7,L,32,31,775,0
13,05,20,35.7575416565,51.6959686279,20.5,7,L,32,31,776,0
13,05,20,35.7486534119,51.7390518188,20.5,7,L,32,31,777,0
13,05,20,35.7444419861,51.7862586975,20.5,7,L,32,31,778,0
13,05,20,35.7336120605,51.8148231506,20.5,7,L,32,31,779,0
13,05,20,35.7288208008,51.8253059387,20.5,7,L,32,31,780,0
13,05,20,35.7680625916,51.4720535278,20.5,7,L,32,31,781,0
13,05,20,35.7762145996,51.4768714905,20.5,7,L,32,31,782,0
13,05,20,35.7858352661,51.4960746765,20.5,7,L,32,31,783,0
13,05,20,35.7713394165,51.5527763367,20.5,7,L,32,31,784,0
13,05,20,35.7434425354,51.6069145203,20.5,7,L,32,31,785,0
13,05,20,35.7318878174,51.6533012390,20.5,7,L,32,31,786,0
13,05,20,35.7575416565,51.6959686279,20.5,7,L,32,31,787,0
13,05,20,35.7486534119,51.7390518188,20.5,7,L,32,31,788,0
13,05,20,35.7444419861,51.7862586975,20.5,7,L,32,31,789,0
13,05,20,35.7336120605,51.8148231506,20.5,7,L,32,31,790,0
13,05,20,35.7288208008,51.8253059387,20.5,7,L,32,31,791,0
13,05,20,35.7680625916,51.4720535278,20.5,7,L,32,31,792,0
13,05,20,35.7762145996,51.4768714905,20.5,7,L,32,31,793,0
13,05,20,35.7858352661,51.4960746765,20.5,7,L,32,31,794,0
13,05,20,35.7713394165,51.5527763367,20.5,7,L,32,31,795,0
13,05,20,35.7434425354,51.6069145203,20.5,7,L,32,31,796,0
13,05,20,35.7318878174,51.6533012390,20.5,7,L,32,31,797,0
13,05,20,35.7575416565,51.6959686279,20.5,7,L,32,31,798,0
13,05,20,35.7486534119,51.7390518188,20.5,7,L,32,31,799,0
13,05,20,35.7444419861,51.7862586975,20.5,7,L,32,31,800,0
13,05,20,35.7336120605,51.8148231506,20.5,7,L,32,31,801,0
13,05,20,35.7288208008,51.8253059387,20.5,7,L,32,31,802,0
13,05,20,35.7680625916,51.4720535278,20.5,7,L,32,31,803,0
13,05,20,35.7762145996,51.4768714905,20.5,7,L,32,31,804,0
13,05,20,35.7858352661,51.4960746765,20.5,7,L,32,31,805,0
13,05,20,35.7713394165,51.5527763367,20.5,7,L,32,31,806,0
13,05,20,35.7434425354,51.6069145203,20.5,7,L,32,31,807,0
13,05,20,35.7318878174,51.6533012390,20.5,7,L,32,31,808,0
13,05,20,35.7575416565,51.6959686279,20.5,7,L,32,31,809,0
13,05,20,35.7486534119,51.7390518188,20.5,7,L,32,31,810,0
13,05,20,35.7444419861,51.7862586975,20.5,7,L,32,31,811,0
13,05,20,35.7336120605,51.8148231506,20.5,7,L,32,31,812,0
13,05,20,35.7288208008,51.8253059387,20.5,7,L,32,31,813,0
13,05,20,35.7680625916,51.4720535278,20.5,7,L,32,31,814,0
13,05,20,35.7762145996,51.4768714905,20.5,7,L,32,31,815,0
13,05,20,35.7858352661,51.4960746765,20.5,7,L,32,31,816,0
13,05,20,35.7713394165,51.5527763367,20.5,7,L,32,31,817,0
13,05,20,35.7434425354,51.6069145203,20.5,7,L,32,31,818,0
13,05,20,35.7318878174,51.6533012390,20.5,7,L,32,31,819,0
13,05,20,35.7575416565,51.6959686279,20.5,7,L,32,31,820,0
13,05,20,35.7486534119,51.7390518188,20.5,7,L,32,31,821,0
13,05,20,35.7444419861,51.7862586975,20.5,7,L,32,31,822,0
13,05,20,35.7336120605,51.8148231506,20.5,7,L,32,31,823,0
13,05,20,35.7288208008,51.8253059387,20.5,7,L,32,31,824,0
13,05,20,35.7680625916,51.4720535278,20.5,7,L,32,31,825,0
13,05,20,35.7762145996,51.4768714905,20.5,7,L,32,31,826,0
13,05,20,35.7858352661,51.4960746765,20.5,7,L,32,31,827,0
13,05,20,35.7713394165,51.5527763367,20.5,7,L,32,31,828,0
13,05,20,35.7434425354,51.6069145203,20.5,7,L,32,31,829,0
13,05,20,35.7318878174,51.6533012390,20.5,7,L,32,31,830,0
13,05,20,35.7575416565,51.6959686279,20.5,7,L,32,31,831,0
13,05,20,35.7486534119,51.7390518188,20.5,7,L,32,31,832,0
13,05,20,35.7444419861,51.7862586975,20.5,7,L,32,31,833,0
13,05,20,35.7336120605,51.8148231506,20.5,7,L,32,31,834,0
13,05,20,35.7288208008,51.8253059387,20.5,7,L,32,31,835,0
13,05,20,35.7713394165,51.5527763367,20.5,7,L,32,31,872,0
13,05,20,35.7434425354,51.6069145203,20.5,7,L,32,31,873,0
13,05,20,35.7318878174,51.6533012390,20.5,7,L,32,31,874,0
13,05,20,35.7575416565,51.6959686279,20.5,7,L,32,31,875,0
13,05,20,35.7486534119,51.7390518188,20.5,7,L,32,31,876,0
13,05,20,35.7444419861,51.7862586975,20.5,7,L,32,31,877,0
13,05,20,35.7336120605,51.8148231506,20.5,7,L,32,31,878,0
13,05,20,35.7288208008,51.8253059387,20.5,7,L,32,31,879,0
13,05,20,35.7680625916,51.4720535278,20.5,7,L,32,31,880,0
13,05,20,35.7762145996,51.4768714905,20.5,7,L,32,31,881,0
13,05,20,35.7858352661,51.4960746765,20.5,7,L,32,31,882,0
13,05,20,35.7713394165,51.5527763367,20.5,7,L,32,31,883,0
13,05,20,35.7434425354,51.6069145203,20.5,7,L,32,31,884,0
13,05,20,35.7318878174,51.6533012390,20.5,7,L,32,31,885,0
13,05,20,35.7575416565,51.6959686279,20.5,7,L,32,31,886,0
13,05,20,35.7486534119,51.7390518188,20.5,7,L,32,31,887,0
13,05,20,35.7444419861,51.7862586975,20.5,7,L,32,31,888,0
13,05,20,35.7336120605,51.8148231506,20.5,7,L,32,31,889,0
13,05,20,35.7288208008,51.8253059387,20.5,7,L,32,31,890,0
13,05,20,35.7680625916,51.4720535278,20.5,7,L,32,31,891,0
13,05,20,35.7762145996,51.4768714905,20.5,7,L,32,31,892,0
13,05,20,35.7858352661,51.4960746765,20.5,7,L,32,31,893,0
13,05,20,35.7713394165,51.5527763367,20.5,7,L,32,31,894,0
13,05,20,35.7434425354,51.6069145203,20.5,7,L,32,31,895,0
13,05,20,35.7318878174,51.6533012390,20.5,7,L,32,31,896,0
13,05,20,35.7680625916,51.4720535278,20.5,7,L,32,31,902,0
13,05,20,35.7762145996,51.4768714905,20.5,7,L,32,31,903,0
13,05,20,35.7858352661,51.4960746765,20.5,7,L,32,31,904,0
13,05,20,35.7713394165,51.5527763367,20.5,7,L,32,31,905,0
13,05,20,35.7434425354,51.6069145203,20.5,7,L,32,31,906,0
13,05,20,35.7318878174,51.6533012390,20.5,7,L,32,31,907,0
13,05,20,35.7575416565,51.6959686279,20.5,7,L,32,31,908,0
13,05,20,35.7486534119,51.7390518188,20.5,7,L,32,31,909,0
13,05,20,35.7444419861,51.7862586975,20.5,7,L,32,31,910,0
13,05,20,35.7336120605,51.8148231506,20.5,7,L,32,31,911,0
13,05,20,35.7288208008,51.8253059387,20.5,7,L,32,31,912,0
13,05,20,35.7680625916,51.4720535278,20.5,7,L,32,31,913,0
13,05,20,35.7762145996,51.4768714905,20.5,7,L,32,31,914,0
13,05,20,35.7858352661,51.4960746765,20.5,7,L,32,31,915,0
13,05,20,35.7713394165,51.5527763367,20.5,7,L,32,31,916,0
13,05,20,35.7434425354,51.6069145203,20.5,7,L,32,31,917,0
13,05,20,35.7318878174,51.6533012390,20.5,7,L,32,31,918,0
13,05,20,35.7575416565,51.6959686279,20.5,7,L,32,31,941,0
13,05,20,35.7486534119,51.7390518188,20.5,7,L,32,31,942,0
13,05,20,35.7444419861,51.7862586975,20.5,7,L,32,31,943,0
13,05,20,35.7336120605,51.8148231506,20.5,7,L,32,31,944,0
13,05,20,35.7288208008,51.8253059387,20.5,7,L,32,31,945,0
